<?xml version="1.0" encoding="UTF-8" ?>
<!DOCTYPE log4j:configuration SYSTEM "log4j.dtd">
<log4j:configuration xmlns:log4j="http://jakarta.apache.org/log4j/">
    <appender name="console" class="org.apache.log4j.ConsoleAppender">
        <param name="Target" value="System.out" />
        <layout class="org.apache.log4j.PatternLayout">
            <param name="ConversionPattern" value="[%5p] %d{HH:mm:ss} %c{1} - %m%n" />
        </layout>
    </appender>

    <logger name="org.broadleafcommerce"> <level value="warn" /> </logger>
    <logger name="org.hibernate"> <level value="warn" /> </logger>
    <logger name="org.springframework"> <level value="warn" /> </logger>
    <logger name="org.springframework.web"> <level value="warn" /> </logger>
    <logger name="org.springframework.web.servlet"> <level value="warn" /> </logger>
    
    <root>
        <priority value="warn" />
        <appender-ref ref="console" />
    </root>

</log4j:configuration>
