<?xml version="1.0" encoding="UTF-8"?>

<beans xmlns="http://www.springframework.org/schema/beans"
       xmlns:xsi="http://www.w3.org/2001/XMLSchema-instance"
       xmlns:jee="http://www.springframework.org/schema/jee"
       xmlns:aop="http://www.springframework.org/schema/aop"
       xmlns:tx="http://www.springframework.org/schema/tx"
       xmlns:context="http://www.springframework.org/schema/context"
       xsi:schemaLocation="
        http://www.springframework.org/schema/jee
        http://www.springframework.org/schema/jee/spring-jee-4.1.xsd
        http://www.springframework.org/schema/beans
        http://www.springframework.org/schema/beans/spring-beans-4.1.xsd
        http://www.springframework.org/schema/context
        http://www.springframework.org/schema/context/spring-context-4.1.xsd
        http://www.springframework.org/schema/tx
        http://www.springframework.org/schema/tx/spring-tx-4.1.xsd
        http://www.springframework.org/schema/aop
        http://www.springframework.org/schema/aop/spring-aop-4.1.xsd">
        
    <context:component-scan base-package="com.mycompany.admin.service" />
        
    <bean id="blConfiguration" class="org.broadleafcommerce.common.config.RuntimeEnvironmentPropertiesConfigurer" />

    <!-- Set up custom entity overrides. These are defined in core/src/main/resources -->
    <bean id="blMergedEntityContexts" class="org.springframework.beans.factory.config.ListFactoryBean">
        <property name="sourceList">
            <list>
                <value>classpath:applicationContext-entity.xml</value>
            </list>
        </property>
    </bean>

    <bean id="blMergedCacheConfigLocations" class="org.springframework.beans.factory.config.ListFactoryBean">
        <property name="sourceList">
            <list>
                <value>classpath:bl-override-ehcache-admin.xml</value>
            </list>
        </property>
    </bean>
    
    <!-- A dummy mail sender has been set to send emails for testing purposes only
             To view the emails sent use "DevNull SMTP" (download separately) with the following setting:
                Port: 30000 -->
    <!--<bean id="blMailSender" class="org.springframework.mail.javamail.JavaMailSenderImpl">
        <property name="host"><value>localhost</value></property>
        <property name="port"><value>3000</value></property>
        <property name="protocol"><value>smtp</value></property>
        <property name="username"><value>customerservice@heatclinic.com</value></property>
        <property name="password"><value></value></property>
        <property name="javaMailProperties">
            <props>
                <prop key="mail.smtp.starttls.enable">true</prop>
                <prop key="mail.smtp.timeout">25000</prop>
                <prop key="mail.smtp.auth">true</prop>
            </props>
        </property>
    </bean>

    <bean id="blVelocityEngine" class="org.springframework.ui.velocity.VelocityEngineFactoryBean">
        <property name="resourceLoaderPath" value="/WEB-INF/emailTemplates/" />
        <property name="velocityProperties">
            <value>
                resource.loader=file,class
                class.resource.loader.class=org.apache.velocity.runtime.resource.loader.ClasspathResourceLoader
                runtime.references.strict = false
            </value>
        </property>
    </bean>

    <bean id="blMessageCreator" class="org.broadleafcommerce.common.email.service.message.VelocityMessageCreator">
        <constructor-arg ref="blVelocityEngine" />
        <constructor-arg ref="blMailSender" />
        <constructor-arg>
            <map>
                <entry key="number">
                    <bean class="org.apache.velocity.tools.generic.NumberTool" scope="prototype" />
                </entry>
                <entry key="date">
                    <bean class="org.apache.velocity.tools.generic.ComparisonDateTool" scope="prototype" />
                </entry>
                <entry key="list">
                    <bean class="org.apache.velocity.tools.generic.ListTool" scope="prototype" />
                </entry>
                <entry key="math">
                    <bean class="org.apache.velocity.tools.generic.MathTool" scope="prototype" />
                </entry>
                <entry key="iterator">
                    <bean class="org.apache.velocity.tools.generic.IteratorTool" scope="prototype" />
                </entry>
                <entry key="alternator">
                    <bean class="org.apache.velocity.tools.generic.AlternatorTool" scope="prototype" />
                </entry>
                <entry key="sorter">
                    <bean class="org.apache.velocity.tools.generic.SortTool" scope="prototype" />
                </entry>
                <entry key="esc">
                    <bean class="org.apache.velocity.tools.generic.EscapeTool" scope="prototype" />
                </entry>
                <entry key="serverInfo" value-ref="blServerInfo" />
            </map>
        </constructor-arg>
    </bean>-->
    
    <bean id="blMessageCreator" class="org.broadleafcommerce.common.email.service.message.NullMessageCreator">
        <constructor-arg ref="blMailSender"/>
    </bean>
    
    <bean id="blPrecompressedArtifactFilter" class="org.broadleafcommerce.common.web.util.PrecompressedArtifactFilter"/>

    <bean id="messageSource" class="org.broadleafcommerce.common.util.BroadleafMergeResourceBundleMessageSource">
        <!-- Fallback to use the default message in the admin. This will ensure that client-specific friendly
            names are not required to appear in an internationalized properties file -->
        <property name="useCodeAsDefaultMessage" value="${messages.useCodeAsDefaultMessage}" />
        <property name="cacheSeconds" value="${messages.cacheSeconds}" />
        <property name="basenames">
            <list>
                <value>classpath:messages-admin</value>
            </list>
        </property>
    </bean>

    <bean id="blJsResources" parent="adminJsResourceHttpRequestHandlerBase" />

    <bean id="cssLocations" class="org.springframework.beans.factory.config.ListFactoryBean">
        <property name="sourceList">
            <list>
                <value>/css/</value>
            </list>
        </property>
    </bean>

    <bean class="org.broadleafcommerce.common.extensibility.context.merge.LateStageMergeBeanPostProcessor">
        <property name="collectionRef" value="cssLocations" />
        <property name="targetRef" value="blCssLocations" />
    </bean>

    <bean id="blCssResources" parent="adminCssResourceHttpRequestHandlerBase" />
    
    <bean id="blJsFileMap" class="org.springframework.beans.factory.config.MapFactoryBean">
        <property name="sourceMap">
            <map>
                <entry key="admin.js" value-ref="blJsFileList"/>
                <entry key="admin/admin.css" value-ref="blCssFileList"/>
            </map>
        </property>  
    </bean>
    
    <bean id="blResourceBundlingService" class="org.broadleafcommerce.common.resource.service.ResourceBundlingServiceImpl">
        <property name="additionalBundleFiles" ref="blJsFileMap"/>
    </bean>
    
</beans>
