<?xml version="1.0" encoding="UTF-8" ?>
<config>
    <luceneMatchVersion>4.10.3</luceneMatchVersion>
    <directoryFactory name="DirectoryFactory" class="${solr.directoryFactory:solr.StandardDirectoryFactory}" />
    <updateHandler class="solr.DirectUpdateHandler2" />

    <query>
        <maxBooleanClauses>1024</maxBooleanClauses>

        <filterCache class="solr.FastLRUCache" size="512" initialSize="512" autowarmCount="0" />
        <queryResultCache class="solr.LRUCache" size="512" initialSize="512" autowarmCount="0" />
        <documentCache class="solr.LRUCache" size="512" initialSize="512" autowarmCount="0" />
        <cache name="perSegFilter" class="solr.search.LRUCache" size="10" initialSize="0" autowarmCount="10" 
                regenerator="solr.NoOpRegenerator" />

        <enableLazyFieldLoading>true</enableLazyFieldLoading>

        <queryResultWindowSize>20</queryResultWindowSize>
        <queryResultMaxDocsCached>200</queryResultMaxDocsCached>

        <listener event="newSearcher" class="solr.QuerySenderListener" />
        <listener event="firstSearcher" class="solr.QuerySenderListener">
            <arr name="queries">
                <lst>
                    <str name="q">static firstSearcher warming in solrconfig.xml</str>
                </lst>
            </arr>
        </listener>

        <useColdSearcher>false</useColdSearcher>
        <maxWarmingSearchers>2</maxWarmingSearchers>
    </query>

    <requestDispatcher handleSelect="false">
        <requestParsers enableRemoteStreaming="true" multipartUploadLimitInKB="2048000" formdataUploadLimitInKB="2048"
                    addHttpRequestToContext="false"/>
        <httpCaching never304="true" />
    </requestDispatcher>

    <requestHandler name="/select" class="solr.SearchHandler">
        <lst name="defaults">
            <str name="echoParams">explicit</str>
            <int name="rows">10</int>
            <str name="df">name_t</str>
        </lst>
    </requestHandler>

    <queryResponseWriter name="json" class="solr.JSONResponseWriter">
        <str name="content-type">text/plain; charset=UTF-8</str>
    </queryResponseWriter>

</config>