<?xml version="1.0" encoding="UTF-8"?>
<!--
  Licensed to the Apache Software Foundation (ASF) under one or more
  contributor license agreements.  See the NOTICE file distributed with
  this work for additional information regarding copyright ownership.
  The ASF licenses this file to You under the Apache License, Version 2.0
  (the "License"); you may not use this file except in compliance with
  the License.  You may obtain a copy of the License at

      http://www.apache.org/licenses/LICENSE-2.0

  Unless required by applicable law or agreed to in writing, software
  distributed under the License is distributed on an "AS IS" BASIS,
  WITHOUT WARRANTIES OR CONDITIONS OF ANY KIND, either express or implied.
  See the License for the specific language governing permissions and
  limitations under the License.
--><!-- The contents of this file will be loaded for each web application -->
<Context>

    <!-- Default set of monitored resources -->
    <WatchedResource>WEB-INF/web.xml</WatchedResource>

    <!-- Uncomment this to enable Comet connection tacking (provides events
         on session expiration as well as webapp lifecycle) -->
    <!--
    <Valve className="org.apache.catalina.valves.CometConnectionManagerValve" />
    -->
    
    <!-- disable session persistence -->
    <Manager pathname="" />
    
    <!-- In embedded Tomcat, these properties are auto-filtered out using Maven Properties to any
        arguments that are passed in via command line will get 'real' values -->
    
    <!-- Also see src/main/webapp/META-INF/context.xml inside each web application
        for how these resources get used -->

        
    <!-- These resources can also be put in Tomcat's server.xml inside of the <GlobalNamingResources> tag -->
    <Resource name="jdbc/web"
          auth="Container"
          type="javax.sql.DataSource"
          factory="org.apache.tomcat.jdbc.pool.DataSourceFactory"
          testWhileIdle="true"
          testOnBorrow="true"
          testOnReturn="false"
          validationQuery="SELECT 1"
          timeBetweenEvictionRunsMillis="30000"
          maxActive="10"
          maxIdle="5"
          minIdle="1"
          removeAbandonedTimeout="60"
          removeAbandoned="false"
          logAbandoned="true"
          minEvictableIdleTimeMillis="30000"
          jdbcInterceptors="org.apache.tomcat.jdbc.pool.interceptor.ConnectionState;org.apache.tomcat.jdbc.pool.interceptor.StatementFinalizer"
          username="${database.user}"
          password="${database.password}"
          driverClassName="${database.driver}"
          url="${database.url}"/>

    <Resource name="jdbc/storage"
              auth="Container"
              type="javax.sql.DataSource"
              factory="org.apache.tomcat.jdbc.pool.DataSourceFactory"
              testWhileIdle="true"
              testOnBorrow="true"
              testOnReturn="false"
              validationQuery="SELECT 1"
              timeBetweenEvictionRunsMillis="30000"
              maxActive="10"
              maxIdle="5"
              minIdle="1"
              removeAbandonedTimeout="60"
              removeAbandoned="false"
              logAbandoned="true"
              minEvictableIdleTimeMillis="30000"
              jdbcInterceptors="org.apache.tomcat.jdbc.pool.interceptor.ConnectionState;org.apache.tomcat.jdbc.pool.interceptor.StatementFinalizer"
              username="${database.user}"
              password="${database.password}"
              driverClassName="${database.driver}"
              url="${database.url}"/>

    <Resource name="jdbc/secure"
              auth="Container"
              type="javax.sql.DataSource"
              factory="org.apache.tomcat.jdbc.pool.DataSourceFactory"
              testWhileIdle="true"
              testOnBorrow="true"
              testOnReturn="false"
              validationQuery="SELECT 1"
              timeBetweenEvictionRunsMillis="30000"
              maxActive="10"
              maxIdle="5"
              minIdle="1"
              removeAbandonedTimeout="60"
              removeAbandoned="false"
              logAbandoned="true"
              minEvictableIdleTimeMillis="30000"
              jdbcInterceptors="org.apache.tomcat.jdbc.pool.interceptor.ConnectionState;org.apache.tomcat.jdbc.pool.interceptor.StatementFinalizer"
              username="${database.user}"
              password="${database.password}"
              driverClassName="${database.driver}"
              url="${database.url}"/>

    <Resource name="jdbc/event"
              auth="Container"
              type="javax.sql.DataSource"
              factory="org.apache.tomcat.jdbc.pool.DataSourceFactory"
              testWhileIdle="true"
              testOnBorrow="true"
              testOnReturn="false"
              validationQuery="SELECT 1"
              timeBetweenEvictionRunsMillis="30000"
              maxActive="10"
              maxIdle="5"
              minIdle="1"
              removeAbandonedTimeout="60"
              removeAbandoned="false"
              logAbandoned="true"
              minEvictableIdleTimeMillis="30000"
              jdbcInterceptors="org.apache.tomcat.jdbc.pool.interceptor.ConnectionState;org.apache.tomcat.jdbc.pool.interceptor.StatementFinalizer"
              username="${database.user}"
              password="${database.password}"
              driverClassName="${database.driver}"
              url="${database.url}"/>
    
</Context>